{
  "header" : {
    "id" : "ACCOUNT",
    "dsfApiType" : "AA.PROPERTY.CLASS",
    "dsfApiComponent" : "t24data",
    "dsfApiPhase" : "main",
    "metadata" : {
      "installed" : "NO",
      "release" : "R22"
    },
    "ttag" : {
      "t24" : { }
    }
  },
  "body" : {
    "CLASS.GROUP" : "BUSINESS",
    "DEL.INFO.REQD" : "Y",
    "DESCRIPTION" : [ {
      "DESCRIPTION" : "Account Static"
    } ],
    "PRODUCT.LINE" : [ {
      "BALANCE.PREFIX" : [ {
        "BALANCE.PREFIX" : "CUR",
        "BALANCE.SUFFIX" : "*INF*CO*CUST*PART*PARTINF"
      }, {
        "BALANCE.PREFIX" : "DUE",
        "BALANCE.SUFFIX" : "*CUST*INF*PART*PARTINF"
      }, {
        "BALANCE.PREFIX" : "AGE",
        "BALANCE.SUFFIX" : "*CUST*INF*PART*PARTINF"
      }, {
        "BALANCE.PREFIX" : "UNC"
      }, {
        "BALANCE.PREFIX" : "UND",
        "BALANCE.SUFFIX" : "*INF*PART*PARTINF"
      }, {
        "BALANCE.PREFIX" : "AVL",
        "BALANCE.SUFFIX" : "*INF*PART*PARTINF"
      } ],
      "PRODUCT.LINE" : "LENDING"
    }, {
      "BALANCE.PREFIX" : [ {
        "BALANCE.PREFIX" : "CUR"
      }, {
        "BALANCE.PREFIX" : "DUE"
      }, {
        "BALANCE.PREFIX" : "AGE"
      }, {
        "BALANCE.PREFIX" : "UNC"
      }, {
        "BALANCE.PREFIX" : "UND"
      }, {
        "BALANCE.PREFIX" : "EXP"
      }, {
        "BALANCE.PREFIX" : "PAY"
      } ],
      "PRODUCT.LINE" : "DEPOSITS"
    }, {
      "BALANCE.PREFIX" : [ {
        "BALANCE.PREFIX" : "CUR",
        "BALANCE.SUFFIX" : "*INF*CBS"
      }, {
        "BALANCE.PREFIX" : "UNC"
      }, {
        "BALANCE.PREFIX" : "UND"
      }, {
        "BALANCE.PREFIX" : "INV"
      }, {
        "BALANCE.PREFIX" : "AVL"
      } ],
      "PRODUCT.LINE" : "ACCOUNTS"
    }, {
      "BALANCE.PREFIX" : [ {
        "BALANCE.PREFIX" : "UNC"
      } ],
      "PRODUCT.LINE" : "AGENT"
    }, {
      "BALANCE.PREFIX" : [ {
        "BALANCE.PREFIX" : "CUR"
      }, {
        "BALANCE.PREFIX" : "UNC"
      }, {
        "BALANCE.PREFIX" : "EXP"
      }, {
        "BALANCE.PREFIX" : "UND"
      } ],
      "PRODUCT.LINE" : "SAFE.DEPOSIT.BOX"
    }, {
      "BALANCE.PREFIX" : [ {
        "BALANCE.PREFIX" : "CUR",
        "BALANCE.SUFFIX" : "INF"
      }, {
        "BALANCE.PREFIX" : "EXT",
        "BALANCE.SUFFIX" : "INF"
      } ],
      "PRODUCT.LINE" : "EXTERNAL.FINANCIAL"
    }, {
      "BALANCE.PREFIX" : [ {
        "BALANCE.PREFIX" : "UNC"
      } ],
      "PRODUCT.LINE" : "GUARANTEES"
    } ],
    "FULL.DESC" : [ {
      "FULL.DESC" : "Account Static"
    } ],
    "TYPE" : [ {
      "TYPE" : "DATED"
    }, {
      "TYPE" : "VARIATION"
    }, {
      "TYPE" : "EXTERNAL"
    }, {
      "TYPE" : "EXTERNAL.FINANCIAL"
    }, {
      "TYPE" : "MEMO.ENABLED"
    } ]
  }
}